id;name;email;salary
1;calculate networks;Lazaro.Jacobson63@hotmail.com;Concrete Dale
2;Bedfordshire;Carolyn_Nitzsche@gmail.com;override
3;Small Indiana Sleek;Meredith.OHara@hotmail.com;Garden Berkshire indigo
4;Granite;Theodora.Hane@gmail.com;Singapore
5;Granite Wooden;Bill_Douglas@gmail.com;lime Jersey time-frame
6;deposit Soap Marketing;Destini.Daniel99@yahoo.com;payment lavender
7;24;Louie_Lang24@yahoo.com;Chicken
8;initiatives invoice white;Stephen74@yahoo.com;Concrete
9;back Mandatory Alaska;Aurelio.Bednar8@yahoo.com;24/7
10;Chair Rustic;Jovan92@hotmail.com;Executive Crest
